identifier,digital resource locator,contributing repository,title,date created (W3CDTF),"date created (human readable, for approximate dates)",creator,rights,language,subject,type,extent,spatial,description,publisher,contributor,isPartOf,full text available (y/n)?,description link
MSS0477_F001_001,http://udspace.udel.edu/handle/19716/24294,University of Delaware. Library.,"Call to Women Voters by Anne Martin, Chairman National Woman's Party",1869-1955,undated,"Martin, Anne, 1875-1951","Use of materials from this collection beyond the exceptions provided for in the Fair Use and Educational Use clauses of the U.S. Copyright Law may violate federal law. Permission to publish or reproduce is required from the copyright holder. Please contact Special Collections Department, University of Delaware Library, https://library.udel.edu/static/purl.php?askspec",eng,Women--Suffrage--United States--History--20th century | Women's rights--United States--History--20th century | Handbills,text,,,National Woman's Party handbill asking that women vote against Mr. Wilson and the Democratic candidates in the United States Senate and House.,National Woman's Party,,"Woman Suffrage collection, MSS 0477",n,library.udel.edu/static/purl.php?mss0477
MSS0477_F002_001,http://udspace.udel.edu/handle/19716/24295,University of Delaware. Library.,"""Votes for Women a Success, The Map Proves it""",1910-1920,approximately 1915,,"Use of materials from this collection beyond the exceptions provided for in the Fair Use and Educational Use clauses of the U.S. Copyright Law may violate federal law. Permission to publish or reproduce is required from the copyright holder. Please contact Special Collections Department, University of Delaware Library, https://library.udel.edu/static/purl.php?askspec",eng,Women--Suffrage--United States--History--20th century | Women's rights--United States--History--20th century | Handbills,text,,,Handbill depicts a map of the United States indicating where women have the vote and to what degree.,"National Woman Suffrage Publishing Company, Inc.",,"Woman Suffrage collection, MSS 0477",n,library.udel.edu/static/purl.php?mss0477
MSS0477_F003_001,http://udspace.udel.edu/handle/19716/24296,University of Delaware. Library.,"""People say"" and ""We say""",1869-1955,undated,National American Woman Suffrage Association,"Use of materials from this collection beyond the exceptions provided for in the Fair Use and Educational Use clauses of the U.S. Copyright Law may violate federal law. Permission to publish or reproduce is required from the copyright holder. Please contact Special Collections Department, University of Delaware Library, https://library.udel.edu/static/purl.php?askspec",eng,Women--Suffrage--United States--History--20th century | Women's rights--United States--History--20th century | National American Woman Suffrage Association | Handbills,text,,,Handbill provides list of rebuttals to arguments against woman suffrage.,National American Woman Suffrage Association,,"Woman Suffrage collection, MSS 0477",n,library.udel.edu/static/purl.php?mss0477
MSS0477_F004_001,http://udspace.udel.edu/handle/19716/24297,University of Delaware. Library.,"""Catholic Opinions""",1909-1919,approximately 1914,,"Use of materials from this collection beyond the exceptions provided for in the Fair Use and Educational Use clauses of the U.S. Copyright Law may violate federal law. Permission to publish or reproduce is required from the copyright holder. Please contact Special Collections Department, University of Delaware Library, https://library.udel.edu/static/purl.php?askspec",eng,Women--Suffrage--United States--History--20th century | Women's rights--United States--History--20th century | National American Woman Suffrage Association | Handbills,text,,,National American Woman Suffrage Association handbill clarifying that the Catholic Church is not opposed to woman suffrage.,"National Woman Suffrage Publishing Company, Inc.",,"Woman Suffrage collection, MSS 0477",n,library.udel.edu/static/purl.php?mss0477
MSS0477_F005_001,http://udspace.udel.edu/handle/19716/24298,University of Delaware. Library.,"""10 Women Anywhere Can Start Anything""",1948,,Congress of American Women,"Use of materials from this collection beyond the exceptions provided for in the Fair Use and Educational Use clauses of the U.S. Copyright Law may violate federal law. Permission to publish or reproduce is required from the copyright holder. Please contact Special Collections Department, University of Delaware Library, https://library.udel.edu/static/purl.php?askspec",eng,Women--Suffrage--United States--History--20th century | Women's rights--United States--History--20th century | Congress of American Women | Leaflets (printed works),text,,,Leaflet about the Congress of American Women.,Congress of American Women,,"Woman Suffrage collection, MSS 0477",n,library.udel.edu/static/purl.php?mss0477
MSS0477_F006_001,http://udspace.udel.edu/handle/19716/24299,University of Delaware. Library.,"""A Bit of History""",1908,,"Catt, Carrie Chapman, 1859-1947","Use of materials from this collection beyond the exceptions provided for in the Fair Use and Educational Use clauses of the U.S. Copyright Law may violate federal law. Permission to publish or reproduce is required from the copyright holder. Please contact Special Collections Department, University of Delaware Library, https://library.udel.edu/static/purl.php?askspec",eng,"Women--Suffrage--United States--History--20th century | Women's rights--United States--History--20th century | Catt, Carrie Chapman, 1859-1947 | Interurban Woman Suffrage Council | Leaflets (printed works)",text,,,"Interurban Woman Suffrage Series, No. 5; leaflet opposing amendment to the New York State Constitution.",New York: Interurban Woman Suffrage Council,,"Woman Suffrage collection, MSS 0477",n,library.udel.edu/static/purl.php?mss0477
MSS0477_F007_001,http://udspace.udel.edu/handle/19716/24300,University of Delaware. Library.,"""Suffrage as a War Measure""",1917,,New York State Woman Suffrage Party,"Use of materials from this collection beyond the exceptions provided for in the Fair Use and Educational Use clauses of the U.S. Copyright Law may violate federal law. Permission to publish or reproduce is required from the copyright holder. Please contact Special Collections Department, University of Delaware Library, https://library.udel.edu/static/purl.php?askspec",eng,Women--Suffrage--United States--History--20th century | Women's rights--United States--History--20th century | New York State Woman Suffrage Party | Leaflets (printed works) ,text,,,Leaflet from New York State Woman Suffrage Party.,New York State Woman Suffrage Party,,"Woman Suffrage collection, MSS 0477",n,library.udel.edu/static/purl.php?mss0477
MSS0477_F008_001,http://udspace.udel.edu/handle/19716/24301,University of Delaware. Library.,Vote for the Amendment in 1915,1910-1920,approximately 1915,Empire State Campaign Committee,"Use of materials from this collection beyond the exceptions provided for in the Fair Use and Educational Use clauses of the U.S. Copyright Law may violate federal law. Permission to publish or reproduce is required from the copyright holder. Please contact Special Collections Department, University of Delaware Library, https://library.udel.edu/static/purl.php?askspec",eng,Women--Suffrage--United States--History--20th century | Women's rights--United States--History--20th century | Empire State Campaign Committee | Handbills,text,,,"Handbill depicts a young woman at a chalkboard on which is written ""Question. How can this be a government of the people, by the people if only ½ the people vote?"" Before her sits a man labeled ""anti-suffragist."" The bottom of the handbill reads ""Empire State Campaign"" and ""Vote for the Amendment in 1915.""",Empire State Campaign Committee,,"Woman Suffrage collection, MSS 0477",n,library.udel.edu/static/purl.php?mss0477
MSS0477_F009_001,http://udspace.udel.edu/handle/19716/24302,University of Delaware. Library.,"""The Change in the Status of Women Makes Votes for Women the Next Natural Step""",1906-1916,approximately 1911,Equal Suffrage League of Virginia.,"Use of materials from this collection beyond the exceptions provided for in the Fair Use and Educational Use clauses of the U.S. Copyright Law may violate federal law. Permission to publish or reproduce is required from the copyright holder. Please contact Special Collections Department, University of Delaware Library, https://library.udel.edu/static/purl.php?askspec",eng,Women--Suffrage--United States--History--20th century | Women's rights--United States--History--20th century | Equal Suffrage League of Virginia | Handbills,text,,,,Equal Suffrage League of Virginia,,"Woman Suffrage collection, MSS 0477",n,library.udel.edu/static/purl.php?mss0477
MSS0477_F010_001,http://udspace.udel.edu/handle/19716/24303,University of Delaware. Library.,"""Woman in the home""",1912,,,"Use of materials from this collection beyond the exceptions provided for in the Fair Use and Educational Use clauses of the U.S. Copyright Law may violate federal law. Permission to publish or reproduce is required from the copyright holder. Please contact Special Collections Department, University of Delaware Library, https://library.udel.edu/static/purl.php?askspec",eng,Women--Suffrage--United States--History--20th century | Women's rights--United States--History--20th century | Handbills,text,,,Pro-suffrage handbill printed in Boston.,,,"Woman Suffrage collection, MSS 0477",n,library.udel.edu/static/purl.php?mss0477
MSS0477_F011_001,http://udspace.udel.edu/handle/19716/24304,University of Delaware. Library.,"""Elizabeth Cady Stanton on Socialism""",1869-1955,undated,,"Use of materials from this collection beyond the exceptions provided for in the Fair Use and Educational Use clauses of the U.S. Copyright Law may violate federal law. Permission to publish or reproduce is required from the copyright holder. Please contact Special Collections Department, University of Delaware Library, https://library.udel.edu/static/purl.php?askspec",eng,Women--Suffrage--United States--History--20th century | Women's rights--United States--History--20th century | Women and Socialism--Periodicals,text,,,"Single page from a publication advertising the magazine The Socialist Woman and including the first part of the article ""Elizabeth Cady Stanton on Socialism.""","Girard, Kansas: The Socialist Woman",,"Woman Suffrage collection, MSS 0477",n,library.udel.edu/static/purl.php?mss0477
MSS0477_F012_001,http://udspace.udel.edu/handle/19716/24305,University of Delaware. Library.,"""Instructions to Workers for the Woman Suffrage Petition to Congress""",1907-1917,approximately 1912,,"Use of materials from this collection beyond the exceptions provided for in the Fair Use and Educational Use clauses of the U.S. Copyright Law may violate federal law. Permission to publish or reproduce is required from the copyright holder. Please contact Special Collections Department, University of Delaware Library, https://library.udel.edu/static/purl.php?askspec",eng,"Women--Suffrage--United States--History--20th century | Women's rights--United States--History--20th century | Catt, Carrie Chapman, 1859-1947 | Women employees | Handbills",text,,,Instructs that completed petitions be sent to Carrie Chapman Catt.,,,"Woman Suffrage collection, MSS 0477",n,library.udel.edu/static/purl.php?mss0477
MSS0477_F013_001,http://udspace.udel.edu/handle/19716/24306,University of Delaware. Library.,Ballot for the Pennsylvania Limited Equal Suffrage League,1914,,Pennsylvania Limited Equal Suffrage League,"Use of materials from this collection beyond the exceptions provided for in the Fair Use and Educational Use clauses of the U.S. Copyright Law may violate federal law. Permission to publish or reproduce is required from the copyright holder. Please contact Special Collections Department, University of Delaware Library, https://library.udel.edu/static/purl.php?askspec",eng,Women--Suffrage--United States--History--20th century | Women's rights--United States--History--20th century | Pennsylvania Limited Equal Suffrage League | Ballots,text,,,"Announces an annual election of officers at the Merion Cricket Club, Haverford, Pa. on June 2, 1914.",,,"Woman Suffrage collection, MSS 0477",n,library.udel.edu/static/purl.php?mss0477
MSS0477_F014_001,http://udspace.udel.edu/handle/19716/24307,University of Delaware. Library.,"Program of the 19th Assembly District of the Woman Suffrage Party for April and May, 1911",1911,,,"Use of materials from this collection beyond the exceptions provided for in the Fair Use and Educational Use clauses of the U.S. Copyright Law may violate federal law. Permission to publish or reproduce is required from the copyright holder. Please contact Special Collections Department, University of Delaware Library, https://library.udel.edu/static/purl.php?askspec",eng,Women--Suffrage--United States--History--20th century | Women's rights--United States--History--20th century | Handbills,text,,,"Handbill listing events such as speeches by Charlotte Perkins Gilman and Fanny Garrison Villard, a parade, pageant, and benefit concerts.",,,"Woman Suffrage collection, MSS 0477",n,library.udel.edu/static/purl.php?mss0477
MSS0477_F017_001,http://udspace.udel.edu/handle/19716/24308,University of Delaware. Library.,"Set of ten postcards ""Endorsed and Approved by the National American Woman Suffrage Association"" under the heading ""Think it over … An ounce of Persuasion proceeds a pound of coercion"" ",1910,,,"Use of materials from this collection beyond the exceptions provided for in the Fair Use and Educational Use clauses of the U.S. Copyright Law may violate federal law. Permission to publish or reproduce is required from the copyright holder. Please contact Special Collections Department, University of Delaware Library, https://library.udel.edu/static/purl.php?askspec",eng,Women--Suffrage--United States--History--20th century | Women's rights--United States--History--20th century | National American Woman Suffrage Association | Postcards,image,,,Each postcard has a different quote printed on it.,"The Cargill Company, Grand Rapids, Michigan",,"Woman Suffrage collection, MSS 0477",n,library.udel.edu/static/purl.php?mss0477
MSS0477_F018_001,http://udspace.udel.edu/handle/19716/24309,University of Delaware. Library.,"Handbill with the quote ""Votes for women: Woman needs the ballot; but more than that, the time has now come when the ballot needs the woman. - Clifford Howard""",1869-1955,undated,,"Use of materials from this collection beyond the exceptions provided for in the Fair Use and Educational Use clauses of the U.S. Copyright Law may violate federal law. Permission to publish or reproduce is required from the copyright holder. Please contact Special Collections Department, University of Delaware Library, https://library.udel.edu/static/purl.php?askspec",eng,"Women--Suffrage--United States--History--20th century | Women's rights--United States--History--20th century | Howard, Clifford, 1868-1942 | ",image,,,American flags frame the text.,,,"Woman Suffrage collection, MSS 0477",n,library.udel.edu/static/purl.php?mss0477
MSS0477_F019_001,http://udspace.udel.edu/handle/19716/24310,University of Delaware. Library.,"Pledge Form: ""I Am Opposed to Woman's Suffrage""",1869-1955,undated,,"Use of materials from this collection beyond the exceptions provided for in the Fair Use and Educational Use clauses of the U.S. Copyright Law may violate federal law. Permission to publish or reproduce is required from the copyright holder. Please contact Special Collections Department, University of Delaware Library, https://library.udel.edu/static/purl.php?askspec",eng,Women--Suffrage--United States--History--20th century | Women's rights--United States--History--20th century | Pledges,text,,,Signed by Mrs. Mary L. Watts.,,,"Woman Suffrage collection, MSS 0477",n,library.udel.edu/static/purl.php?mss0477
MSS0477_F020_001,http://udspace.udel.edu/handle/19716/24311,University of Delaware. Library.,Paper cup,1869-1955,undated,,"Use of materials from this collection beyond the exceptions provided for in the Fair Use and Educational Use clauses of the U.S. Copyright Law may violate federal law. Permission to publish or reproduce is required from the copyright holder. Please contact Special Collections Department, University of Delaware Library, https://library.udel.edu/static/purl.php?askspec",eng,Women--Suffrage--United States--History--20th century | Women's rights--United States--History--20th century | Empire State Campaign Committee | Printed ephemera,physical object,,,"""Votes for Women"" and ""Drink to the Success of the Empire State Campaign, Headquarters 303 5th Ave., New York.""",,,"Woman Suffrage collection, MSS 0477",n,library.udel.edu/static/purl.php?mss0477
MSS0477_F021_001,http://udspace.udel.edu/handle/19716/24312,University of Delaware. Library.,Invoice,1915-09-22,,Pennsylvania Woman Suffrage Association,"Use of materials from this collection beyond the exceptions provided for in the Fair Use and Educational Use clauses of the U.S. Copyright Law may violate federal law. Permission to publish or reproduce is required from the copyright holder. Please contact Special Collections Department, University of Delaware Library, https://library.udel.edu/static/purl.php?askspec",eng,Women--Suffrage--United States--History--20th century | Women's rights--United States--History--20th century | Pennsylvania Woman Suffrage Association | Invoices,text,,,"Addressed to Mrs. R. B. Thompson, Millerstown, Perry County Pa for 500 ""Liberty Bell Fliers"", 100 ""Suffrage maps"", 100 ""Women on the farm"", and 2 pompons with a note that two pennants will also be sent.",,,"Woman Suffrage collection, MSS 0477",n,library.udel.edu/static/purl.php?mss0477
MSS0477_F015_001,http://udspace.udel.edu/handle/19716/24342,University of Delaware. Library.,"""Votes for women / I want to speak for myself""",1915,,,"Use of materials from this collection beyond the exceptions provided for in the Fair Use and Educational Use clauses of the U.S. Copyright Law may violate federal law. Permission to publish or reproduce is required from the copyright holder. Please contact Special Collections Department, University of Delaware Library, https://library.udel.edu/static/purl.php?askspec",eng,Women--Suffrage--United States--History--20th century | Women's rights--United States--History--20th century | Postcards,image,,,"Image of a little girl in a pink dress and green hat, holding an umbrella. Signed by Wall.","S. Bergman, N.Y.",,"Woman Suffrage collection, MSS 0477",n,library.udel.edu/static/purl.php?mss0477
MSS0477_F015_003,http://udspace.udel.edu/handle/19716/24343,University of Delaware. Library.,"""By Gum! Them Suffragettes be gittin everything""",1915-08-20,,,"Use of materials from this collection beyond the exceptions provided for in the Fair Use and Educational Use clauses of the U.S. Copyright Law may violate federal law. Permission to publish or reproduce is required from the copyright holder. Please contact Special Collections Department, University of Delaware Library, https://library.udel.edu/static/purl.php?askspec",eng,Women--Suffrage--United States--History--20th century | Women's rights--United States--History--20th century | Postcards,image,,,"Postcard written to Miss Mary Crow of Dundee, N.Y.",,,"Woman Suffrage collection, MSS 0477",n,library.udel.edu/static/purl.php?mss0477
MSS0477_F015_002,http://udspace.udel.edu/handle/19716/24344,University of Delaware. Library.,"""The Suffragette question""",1914-10-22,,,"Use of materials from this collection beyond the exceptions provided for in the Fair Use and Educational Use clauses of the U.S. Copyright Law may violate federal law. Permission to publish or reproduce is required from the copyright holder. Please contact Special Collections Department, University of Delaware Library, https://library.udel.edu/static/purl.php?askspec",eng,Women--Suffrage--United States--History--20th century | Women's rights--United States--History--20th century | Postcards,image,,,"Postcard with art drawn by F. R. Morgan; addressed to Mrs. O. W. Bugbee of Syracuse, N.Y.  The writer's message includes ""The strikers have been surrounding the shops where 'scabs' are working.  A few more have been arrested.""",,,"Woman Suffrage collection, MSS 0477",n,library.udel.edu/static/purl.php?mss0477
MSS0477_F022_a,http://udspace.udel.edu/handle/19716/24330,University of Delaware. Library.,"""Votes for Women"" button",1869-1955,undated,,"Use of materials from this collection beyond the exceptions provided for in the Fair Use and Educational Use clauses of the U.S. Copyright Law may violate federal law. Permission to publish or reproduce is required from the copyright holder. Please contact Special Collections Department, University of Delaware Library, https://library.udel.edu/static/purl.php?askspec",eng,Women--Suffrage--United States--History--20th century | Women's rights--United States--History--20th century | Buttons (information artifacts),physical object,,,,,,"Woman Suffrage collection, MSS 0477",n,library.udel.edu/static/purl.php?mss0477
MSS0477_F022_b,http://udspace.udel.edu/handle/19716/24331,University of Delaware. Library.,"""Votes for Women"" button",1869-1955,undated,,"Use of materials from this collection beyond the exceptions provided for in the Fair Use and Educational Use clauses of the U.S. Copyright Law may violate federal law. Permission to publish or reproduce is required from the copyright holder. Please contact Special Collections Department, University of Delaware Library, https://library.udel.edu/static/purl.php?askspec",eng,Women--Suffrage--United States--History--20th century | Women's rights--United States--History--20th century | Buttons (information artifacts),physical object,,,,,,"Woman Suffrage collection, MSS 0477",n,library.udel.edu/static/purl.php?mss0477
MSS0477_F022_c,http://udspace.udel.edu/handle/19716/24332,University of Delaware. Library.,"""Full Suffrage for Women""",1869-1955,undated,,"Use of materials from this collection beyond the exceptions provided for in the Fair Use and Educational Use clauses of the U.S. Copyright Law may violate federal law. Permission to publish or reproduce is required from the copyright holder. Please contact Special Collections Department, University of Delaware Library, https://library.udel.edu/static/purl.php?askspec",eng,Women--Suffrage--United States--History--20th century | Women's rights--United States--History--20th century | Buttons (information artifacts),physical object,,,,,,"Woman Suffrage collection, MSS 0477",n,library.udel.edu/static/purl.php?mss0477
MSS0477_F022_d,http://udspace.udel.edu/handle/19716/24333,University of Delaware. Library.,"""Forward/Denver""",1869-1955,undated,,"Use of materials from this collection beyond the exceptions provided for in the Fair Use and Educational Use clauses of the U.S. Copyright Law may violate federal law. Permission to publish or reproduce is required from the copyright holder. Please contact Special Collections Department, University of Delaware Library, https://library.udel.edu/static/purl.php?askspec",eng,Women--Suffrage--United States--History--20th century | Women's rights--United States--History--20th century | Buttons (information artifacts),physical object,,,,,,"Woman Suffrage collection, MSS 0477",n,library.udel.edu/static/purl.php?mss0477
MSS0477_F022_e,http://udspace.udel.edu/handle/19716/24334,University of Delaware. Library.,"""I am a Citizen""",1869-1955,undated,,"Use of materials from this collection beyond the exceptions provided for in the Fair Use and Educational Use clauses of the U.S. Copyright Law may violate federal law. Permission to publish or reproduce is required from the copyright holder. Please contact Special Collections Department, University of Delaware Library, https://library.udel.edu/static/purl.php?askspec",eng,Women--Suffrage--United States--History--20th century | Women's rights--United States--History--20th century | Buttons (information artifacts),physical object,,,,,,"Woman Suffrage collection, MSS 0477",n,library.udel.edu/static/purl.php?mss0477
MSS0477_F022_f,http://udspace.udel.edu/handle/19716/24335,University of Delaware. Library.,"""Vote Yes Women Suffrage October 19""",1869-1955,undated,,"Use of materials from this collection beyond the exceptions provided for in the Fair Use and Educational Use clauses of the U.S. Copyright Law may violate federal law. Permission to publish or reproduce is required from the copyright holder. Please contact Special Collections Department, University of Delaware Library, https://library.udel.edu/static/purl.php?askspec",eng,Women--Suffrage--United States--History--20th century | Women's rights--United States--History--20th century | Buttons (information artifacts),physical object,,,,,,"Woman Suffrage collection, MSS 0477",n,library.udel.edu/static/purl.php?mss0477
MSS0477_F022_g,http://udspace.udel.edu/handle/19716/24336,University of Delaware. Library.,"""Penna. Votes for Women 1915""",1915,,,"Use of materials from this collection beyond the exceptions provided for in the Fair Use and Educational Use clauses of the U.S. Copyright Law may violate federal law. Permission to publish or reproduce is required from the copyright holder. Please contact Special Collections Department, University of Delaware Library, https://library.udel.edu/static/purl.php?askspec",eng,Women--Suffrage--United States--History--20th century | Women's rights--United States--History--20th century | Buttons (information artifacts),physical object,,,,,,"Woman Suffrage collection, MSS 0477",n,library.udel.edu/static/purl.php?mss0477
MSS0477_F022_h,http://udspace.udel.edu/handle/19716/24337,University of Delaware. Library.,"""Votes for Women""",1869-1955,undated,,"Use of materials from this collection beyond the exceptions provided for in the Fair Use and Educational Use clauses of the U.S. Copyright Law may violate federal law. Permission to publish or reproduce is required from the copyright holder. Please contact Special Collections Department, University of Delaware Library, https://library.udel.edu/static/purl.php?askspec",eng,Women--Suffrage--United States--History--20th century | Women's rights--United States--History--20th century | Buttons (information artifacts),physical object,,,,,,"Woman Suffrage collection, MSS 0477",n,library.udel.edu/static/purl.php?mss0477
MSS0477_F022_i,http://udspace.udel.edu/handle/19716/24338,University of Delaware. Library.,"""Votes for Women""",1869-1955,undated,,"Use of materials from this collection beyond the exceptions provided for in the Fair Use and Educational Use clauses of the U.S. Copyright Law may violate federal law. Permission to publish or reproduce is required from the copyright holder. Please contact Special Collections Department, University of Delaware Library, https://library.udel.edu/static/purl.php?askspec",eng,Women--Suffrage--United States--History--20th century | Women's rights--United States--History--20th century | Buttons (information artifacts),physical object,,,,,,"Woman Suffrage collection, MSS 0477",n,library.udel.edu/static/purl.php?mss0477
MSS0477_F023_001,http://udspace.udel.edu/handle/19716/24313,University of Delaware. Library.,Watchband and brass woman suffrage watch fob shaped like the Liberty Bell,1915,,,"Use of materials from this collection beyond the exceptions provided for in the Fair Use and Educational Use clauses of the U.S. Copyright Law may violate federal law. Permission to publish or reproduce is required from the copyright holder. Please contact Special Collections Department, University of Delaware Library, https://library.udel.edu/static/purl.php?askspec",eng,Women--Suffrage--United States--History--20th century | Women's rights--United States--History--20th century,physical object,,,"On reverse: ""Woman's Library Bell / Justice / Equality / 1915 / Pennsylvania.""  From W & M Co, Newark, N.J.",,,"Woman Suffrage collection, MSS 0477",n,library.udel.edu/static/purl.php?mss0477
MSS0477_F024_001,http://udspace.udel.edu/handle/19716/24314,University of Delaware. Library.,"""Votes for Women, Nov. 2"" tin and enamel window hanger in the shape of a blue bird",1915,,,"Use of materials from this collection beyond the exceptions provided for in the Fair Use and Educational Use clauses of the U.S. Copyright Law may violate federal law. Permission to publish or reproduce is required from the copyright holder. Please contact Special Collections Department, University of Delaware Library, https://library.udel.edu/static/purl.php?askspec",eng,Women--Suffrage--United States--History--20th century | Women's rights--United States--History--20th century | Massachusetts Woman Suffrage Association | Signs (declatory or advertising artifacts),physical object,,,"From Massachusetts Woman Suffrage Association, Gertrude H. Leonard, Teresa A. Crowley.",,,"Woman Suffrage collection, MSS 0477",n,library.udel.edu/static/purl.php?mss0477
MSS0477_F025_001,http://udspace.udel.edu/handle/19716/24315,University of Delaware. Library.,"Sheet music titled: ""The Woman's Party Song""",1869-1955,undated,"Peabody, Josephine Preston, 1874-1922","Use of materials from this collection beyond the exceptions provided for in the Fair Use and Educational Use clauses of the U.S. Copyright Law may violate federal law. Permission to publish or reproduce is required from the copyright holder. Please contact Special Collections Department, University of Delaware Library, https://library.udel.edu/static/purl.php?askspec",eng,Women--Suffrage--United States--History--20th century | Women's rights--United States--History--20th century | Protest songs--United States--History--20th century | Sheet music,text,,,"""Words by Josephine Preston Peabody, Music from an old folksong sung by suffragists in prison in Washington, Written for piano by Anita Pollitzer.""",,,"Woman Suffrage collection, MSS 0477",n,library.udel.edu/static/purl.php?mss0477
MSS0477_F026_001,http://udspace.udel.edu/handle/19716/24316,University of Delaware. Library.,Fan from the Massachusetts Woman Suffrage Association,1915,,Massachusetts Woman Suffrage Association,"Use of materials from this collection beyond the exceptions provided for in the Fair Use and Educational Use clauses of the U.S. Copyright Law may violate federal law. Permission to publish or reproduce is required from the copyright holder. Please contact Special Collections Department, University of Delaware Library, https://library.udel.edu/static/purl.php?askspec",eng,Women--Suffrage--United States--History--20th century | Women's rights--United States--History--20th century | Massachusetts Woman Suffrage Association | Printed ephemera,physical object,,,"Reads ""Baseball fans, movie fans, political fans, all good fans everywhere favor votes for the women of Massachusetts, Election Day, November 2.""",,,"Woman Suffrage collection, MSS 0477",n,library.udel.edu/static/purl.php?mss0477
MSS0477_F027_001,http://udspace.udel.edu/handle/19716/24317,University of Delaware. Library.,"Poster: ""Vote Yes for amendment no. 1 Woman Suffrage""",1915,,,"Use of materials from this collection beyond the exceptions provided for in the Fair Use and Educational Use clauses of the U.S. Copyright Law may violate federal law. Permission to publish or reproduce is required from the copyright holder. Please contact Special Collections Department, University of Delaware Library, https://library.udel.edu/static/purl.php?askspec",eng,Women--Suffrage--United States--History--20th century | Women's rights--United States--History--20th century | Political posters,image,,,,,,"Woman Suffrage collection, MSS 0477",n,library.udel.edu/static/purl.php?mss0477
MSS0477_F028_001,http://udspace.udel.edu/handle/19716/24318,University of Delaware. Library.,"Poster: ""Vote for Woman Suffrage Nov 2nd""",1869-1955,undated,,"Use of materials from this collection beyond the exceptions provided for in the Fair Use and Educational Use clauses of the U.S. Copyright Law may violate federal law. Permission to publish or reproduce is required from the copyright holder. Please contact Special Collections Department, University of Delaware Library, https://library.udel.edu/static/purl.php?askspec",eng,Women--Suffrage--United States--History--20th century | Women's rights--United States--History--20th century | Political posters,image,,,,,,"Woman Suffrage collection, MSS 0477",n,library.udel.edu/static/purl.php?mss0477
MSS0477_F029_001,http://udspace.udel.edu/handle/19716/24319,University of Delaware. Library.,"Color lithograph: ""Inez Milholland Boissevain who died for the freedom of woman""",1912-1922,approximately 1917,,"Use of materials from this collection beyond the exceptions provided for in the Fair Use and Educational Use clauses of the U.S. Copyright Law may violate federal law. Permission to publish or reproduce is required from the copyright holder. Please contact Special Collections Department, University of Delaware Library, https://library.udel.edu/static/purl.php?askspec",eng,"Women--Suffrage--United States--History--20th century | Women's rights--United States--History--20th century | Milholland, Inez | Color lithographs",image,,,"Depicts a woman on horseback holding a banner reading ""[Forward?] Into Light.""",National Woman's Party,,"Woman Suffrage collection, MSS 0477",n,library.udel.edu/static/purl.php?mss0477
MSS0477_F030_001,http://udspace.udel.edu/handle/19716/24320,University of Delaware. Library.,"Pennant: ""Votes for Women""",1869-1955,undated,,"Use of materials from this collection beyond the exceptions provided for in the Fair Use and Educational Use clauses of the U.S. Copyright Law may violate federal law. Permission to publish or reproduce is required from the copyright holder. Please contact Special Collections Department, University of Delaware Library, https://library.udel.edu/static/purl.php?askspec",eng,Women--Suffrage--United States--History--20th century | Women's rights--United States--History--20th century | Pennants,physical object,,,Purple and gold felt.,,,"Woman Suffrage collection, MSS 0477",n,library.udel.edu/static/purl.php?mss0477
MSS0477_F031_001,http://udspace.udel.edu/handle/19716/24321,University of Delaware. Library.,"Banner: ""Votes for Women""",1869-1955,undated,,"Use of materials from this collection beyond the exceptions provided for in the Fair Use and Educational Use clauses of the U.S. Copyright Law may violate federal law. Permission to publish or reproduce is required from the copyright holder. Please contact Special Collections Department, University of Delaware Library, https://library.udel.edu/static/purl.php?askspec",eng,Women--Suffrage--United States--History--20th century | Women's rights--United States--History--20th century | Banners,physical object,,,Gold linen.,,,"Woman Suffrage collection, MSS 0477",n,library.udel.edu/static/purl.php?mss0477
MSS0477_F016_001,http://udspace.udel.edu/handle/19716/24345,University of Delaware. Library.,"Postcard: ""United Equal Suffrage States of America""",1869-1955,undated,,"Use of materials from this collection beyond the exceptions provided for in the Fair Use and Educational Use clauses of the U.S. Copyright Law may violate federal law. Permission to publish or reproduce is required from the copyright holder. Please contact Special Collections Department, University of Delaware Library, https://library.udel.edu/static/purl.php?askspec",eng,Women--Suffrage--United States--History--19th century | Women's rights--United States--History--19th century | Women--Suffrage--United States--History--20th century | Women's rights--United States--History--20th century | National American Woman Suffrage Association | Postcards,image,,,"Image of an American flag with a star for each of the four states which have passed woman suffrage, Wyoming (1890), Colorado (1893), Utah (1896), and Idaho (1896).","The Cargill Company, Grand Rapids, Michigan",,"Woman Suffrage collection, MSS 0477",n,library.udel.edu/static/purl.php?mss0477
MSS0113_B12_F0234,http://udspace.udel.edu/handle/19716/24348,University of Delaware. Library.,Scrapbook No. 3,1915,,"Dunbar-Nelson, Alice Moore, 1875-1935","Use of materials from this collection beyond the exceptions provided for in the Fair Use and Educational Use clauses of the U.S. Copyright Law may violate federal law. Permission to publish or reproduce is required from the copyright holder. Please contact Special Collections Department, University of Delaware Library, https://library.udel.edu/static/purl.php?askspec",eng,"Women--Suffrage--United States--History--20th century | Women's rights--United States--History--20th century | African Americans--Suffrage--History--20th century | African American women--Political activity--History--20th century | African American authors--20th century | Dunbar-Nelson, Alice Moore, 1875-1935 | Scrapbooks | Clippings (information artifacts)",text,27 pages,,"Women's suffrage scrapbook. Bound scrapbook containing newspaper clippings, most of which relate to the women's suffrage campaign, primarily in Pennsylvania and the Mid-Atlantic region, in which Alice Dunbar-Nelson was active. Inside front cover contains the autograph note: ""July 12 - November 3, 1915. Some Records, not all of 'An Interesting Campaign.'"" Photograph of Alice Dunbar-Nelson and ""Votes for Women"" stamp pasted onto the front cover.",,,"Alice Dunbar-Nelson papers, MSS 0113",n,library.udel.edu/static/purl.php?mss0113
